<?xml version="1.0" encoding="UTF-8" standalone="yes"?>
<addon id="plugin.video.PlayCine.Matrix" name="[B][COLOR red]Play[/COLOR] [COLOR white]Cine[/COLOR][/B]" version="1.0.7+matrix.1" provider-name="Equipe OnePlay"> 
<requires>
	<import addon="xbmc.python" version="3.0.0"/>
	<import addon="script.module.simplejson"/>
</requires>
<extension point="xbmc.python.pluginsource" library="main.py">
	<provides>video</provides>
</extension>
<extension point="xbmc.addon.repository" name="[B][COLOR red]Play[/COLOR] [COLOR white]Cine[/COLOR][/B]">
	<info compressed="false">https://github.com/OnePlayHD/OneRepo/raw/master/matrix/addons.xml</info>
	<checksum>https://github.com/OnePlayHD/OneRepo/raw/master/matrix/addons.xml.md5</checksum>
	<datadir zip="true">https://github.com/OnePlayHD/OneRepo/raw/master/matrix</datadir>
	<hashes>false</hashes>
</extension>
<extension point="xbmc.addon.metadata">
    <summary lang="pt_br">Play Cine para sua Familia.</summary>
    <description lang="pt_br">Play Cine oferece as melhores séries e filmes e conta com Tv Ao vivo para você no seu kodi.</description>
    <disclaimer lang="pt_br">PlayCine não hospeda os conteudos, todos os filmes e series são links agregados ao addon.</disclaimer>
	<website>http://www.oneplayhd.com/</website>
    <platform>all</platform>
	<source>https://github.com/OnePlayHD/OneRepo/tree/master/matrix/plugin.video.PlayCine.Matrix</source>
	<assets>
		<icon>icon.png</icon>
		<fanart>fanart.jpg</fanart>
		<screenshot>resources/media/screenshot01.jpg</screenshot>
		<screenshot>resources/media/screenshot02.jpg</screenshot>
		<screenshot>resources/media/screenshot03.jpg</screenshot>
    </assets>
	<news>
v1.0.5.matrix
- Inauguração do PlayCine em Python 3
v1.0.6.matrix.1
- Adicionado Tv Ao vivo
v1.0.7.matrix
- Correção da codificação
	</news>
</extension>
</addon>