<?xml version="1.0" encoding="UTF-8" standalone="yes"?>
<addon id="plugin.video.globe"
       name="Globe Play"
       version="1.0.1"
       provider-name="Equipe Globe">
  <requires>
    <import addon="xbmc.python" version="2.1.0"/>
	<import addon="script.module.t0mm0.common" version="2.0.0"/>
    <import addon="script.module.beautifulsoup" version="3.2.1"/>
    <import addon="script.module.simple.downloader" version="0.9.4"/>
    <import addon="script.module.beautifulsoup4" />
    <import addon="script.module.simple.downloader" version="0.9.4"/>
    <import addon="script.module.requests" />
    <import addon="script.module.httplib2" />
    <import addon="script.module.youtube.dl" optional="true"/>
    <import addon="plugin.video.youtube" version="3.0.0"/>
    <import addon="script.module.urlresolver" optional="true"/>
    <import addon="script.module.simplejson" /> 
    <import addon="script.common.plugin.cache" version="2.5.2"/>
    <import addon="script.module.metahandler" version="2.5.1"/>

  </requires>
  <extension point="xbmc.python.pluginsource" library="globeplay.py">
    <provides>video</provides>
  </extension>
  
  <extension point="xbmc.addon.metadata">
    <summary lang="en">Filmes, séries e cursos em torrent</summary>
    <description lang="en">Addon atualizando frequentemente, todos os links são encontrados na internet e separados. Não hospedamos nada!!! Addon de código aberto</description>
     <disclaimer lang="en">Não fazemos parte da equipe do kodi, utilizamos links de terceiros, portanto não nos responsabilizamos por eles.</disclaimer>
		<news>
V1.0.1 - Portado pro Kodi 19 Matrix (Links diretos funcionam melhor no Kodi 18 LEIA)
V1.0.1 - Correção de múltiplos links
V1.0.0 - Addon de código aberto.
</news>
		
    <platform>all</platform>
	<assets>
       <icon>icon.png</icon>
       <fanart>fanart2.jpg</fanart>
       <screenshot>resources/screenshots/1.jpg</screenshot>
       <screenshot>resources/screenshots/2.jpg</screenshot>
       <screenshot>resources/screenshots/3.jpg</screenshot>
    </assets>
  </extension>
</addon>
