<?xml version="1.0" encoding="UTF-8" standalone="yes"?>
<addon id="plugin.video.viking.tv.online" name="[COLORyellow]Viking [COLORgrey] TV [COLORgold]Online[/COLOR]" version="0.1.3" provider-name="[COLOR orange]@by_flechanegra[/COLOR]">
  <extension point="xbmc.python.pluginsource"
			library="default.py">
		<provides>video</provides>
  </extension>
  <extension point="xbmc.addon.metadata">
	<summary lang="en">[COLOR maroon] Canais de Televisão, desportos e mais...[/COLOR] </summary>
	<language>en</language>
	<description lang="en">[COLOR grey]viking [COLORyellow]tv.online[COLORgold]é um addon da familia ArrowNegra.TODOS OS LINKS ESTÃO DISPONIVEIS NA INTERNET! (ESTE ADDON FEITO PRA O REPOSITORIO VIKINS)[/COLOR]</description>
	<platform>all</platform>
	<assets>
		<icon>icon.png</icon>
		<fanart>fanart.jpg</fanart>
		<screenshot>resources/screenshots/1.jpg</screenshot>
       <screenshot>resources/screenshots/2.jpg</screenshot>
       <screenshot>resources/screenshots/3.jpg</screenshot>
	</assets>
  </extension>
</addon>
