<?xml version="1.0" encoding="UTF-8" standalone="yes"?>
<addon id="plugin.video.gaviaoplayer" name="GAVIAOPLAYER" version="2.1.3+matrix.1" provider-name="wilson(gaviao)"> 
<requires>
    <import addon="xbmc.python" version="3.0.0"/>
    <import addon="script.module.requests"/>
    <import addon="script.module.simplejson"/>
	<import addon="script.module.kodi-six" />
</requires>  
<extension point="xbmc.python.pluginsource" library="default.py">
	<provides>video</provides>
</extension>   
<extension point="xbmc.addon.metadata">
	 <summary lang="en">TODO CONTEÚDO DESSE EDDONS FOI EXTRAÍDO DA INTERNET, OU SEJA, ESTA VIA DOMÍNIO PÚBLICO. NÃO ME RESPONSABILIZO POR FINS LUCRATIVOS DE TERCEIRO</summary>
    <description lang="en"> O MELHOR EM:LANÇAMENTOS,SÉRIES,COLEÇÕES,ANIMES,DESENHOS,FILMES ANTIGOS,O MELHOR DO CINEMA NACIONAL E INTERNACIONAL,ETÇ...... </description>
    <disclaimer lang="en"></disclaimer>
	<platform>all</platform>
	<assets>
       <icon>icon.png</icon>
       <fanart>fanart.jpg</fanart>
<screenshot>resources/screenshots/home.png</screenshot>
<screenshot>resources/screenshots/movies.png</screenshot>
<screenshot>resources/screenshots/series.png</screenshot>
</assets>
	<news>NOVIDADES DA ATUALIZAÇÃO
	</news>
</extension>
</addon>