<?xml version="1.0" encoding="UTF-8" standalone="yes"?>
<addon id="repositorio.magusplayrepo" 
name="Magusplay Repo" 
version="1.0.0" 
provider-name="Magusplay">

	<requires>
        <import addon="xbmc.addon" version="12.0.0"/>
	</requires>

    <extension point="xbmc.addon.repository" name="Nome Repository">
	
	<dir>
			<info compressed="false">https://raw.githubusercontent.com/magusplay/magusplayrepo/master/addons.xml</info>
            <checksum>https://raw.githubusercontent.com/magusplay/magusplayrepo/master/addons.xml.md5</checksum>
            <datadir zip="true">https://raw.githubusercontent.com/magusplay/magusplayrepo/master</datadir>
			<hashes>false</hashes>
    </dir>
	
	<dir minversion="17.0.0" maxversion="18.9.0">
			<info compressed="false">https://raw.githubusercontent.com/magusplay/magusplayrepo/master/leia/addons.xml</info>
            <checksum>https://raw.githubusercontent.com/magusplay/magusplayrepo/master/leia/addons.xml.md5</checksum>
            <datadir zip="true">https://raw.githubusercontent.com/magusplay/magusplayrepo/master/leia</datadir>
			<hashes>false</hashes>
    </dir>
   
   <dir minversion="18.9.1">
			<info compressed="false">https://raw.githubusercontent.com/magusplay/magusplayrepo/master/matrix/addons.xml</info>
            <checksum>https://raw.githubusercontent.com/magusplay/magusplayrepo/master/matrix/addons.xml.md5</checksum>
            <datadir zip="true">https://raw.githubusercontent.com/magusplay/magusplayrepo/master/matrix</datadir>
			<hashes>false</hashes>
    </dir>
	
	</extension>
	
       <extension point="xbmc.addon.metadata">
		<summary lang="pt_br"></summary>
        <description lang="pt_br"></description>
		<platform>all</platform>
		<source>https://magusplay.github.io/magusplayrepo/</source>
		 <assets>
            <icon>icon.png</icon>
			<fanart>fanart.jpg</fanart>
        </assets>
		
		<news>
	[COLOR green]LOG DE CORREÇÔES[/COLOR]
	
	[COLOR blue]*[/COLOR] V 1.00 - VErsão inciail Leia e Matrix
	</news>
	
	<summary>REPO Magusplay</summary>
	
	<description>	
                    [B][COLOR red]Repositorio oficial Magusplay[/COLOR][/B]
					
	</description>
	
	<disclaimer></disclaimer>
		
    </extension>
</addon>