<?xml version="1.0" encoding="UTF-8" standalone="yes"?>
<addon id="repository.KronosPlay" name="[B][COLOR white]KronosPlay [COLOR gold]Repo[/COLOR][/COLOR][/B]" version="1.0" provider-name="KronosPlay">
<requires>
<import addon="xbmc.addon" version="12.0.0"/>
</requires>
<extension point="xbmc.addon.repository" name="Kronos Play Repository">
<dir minversion="16.0.0" maxversion="18.9.0">
<info compressed="false">https://raw.github.com/kronosrisk/kronosplay/master/repo/addons.xml</info>
<checksum>https://raw.github.com/kronosrisk/kronosplay/master/repo/addons.xml.md5</checksum>
<datadir zip="true">https://raw.github.com/kronosrisk/kronosplay/master/repo/Plugins/</datadir>
<hashes>false</hashes>
</dir>
<dir minversion="18.9.1">
<info compressed="false">https://raw.github.com/kronosrisk/kronosplay/master/repo/addons_matrix.xml</info>
<checksum>https://raw.github.com/kronosrisk/kronosplay/master/repo/addons_matrix.xml.md5</checksum>
<datadir zip="true">https://raw.github.com/kronosrisk/kronosplay/master/repo/Plugins/</datadir>
<hashes>false</hashes>
</dir>
</extension>
<extension point="xbmc.addon.metadata">
<summary lang="pt_br"></summary>
<description lang="pt_br"></description>
<platform>all</platform>
<assets>
<icon>icon.png</icon>
<fanart>fanart.jpg</fanart>
</assets>
<summary>Repositório KronosPlay</summary>
<description>
[B][COLOR gold]●[/COLOR] [COLOR white]Repositório oficial do KronosPlay[/COLOR][/B]
</description>
<disclaimer>[B][COLOR white]KronosPlay é apenas um AGREGADOR de links e, assim como o Google.com, apenas agrega e organiza os links externos. Não somos responsáveis pelos arquivos aqui encontrados.[/COLOR][/B]</disclaimer>
</extension>
</addon>