﻿<?xml version="1.0" encoding="UTF-8" standalone="yes"?>
<addon id="plugin.video.micoleaodublado" name="[B][COLOR white]Mico-leão[/COLOR] [COLOR orange]Dublado[/COLOR][/B]" version="2.2.0" provider-name="[B][COLOR white]fb.com/micoleaodublado[/COLOR][/B]">
<requires>
    <import addon="xbmc.python" version="2.1.0"/>
    <import addon="script.module.t0mm0.common"/>
    <import addon="script.module.beautifulsoup"/>
    <import addon="script.module.beautifulsoup4"/>
    <import addon="script.module.simple.downloader"/>
    <import addon="script.module.requests"/>
    <import addon="script.module.httplib2"/>
    <import addon="script.module.urlresolver"/>
    <import addon="script.module.simplejson"/>
    <import addon="script.common.plugin.cache"/>
    <import addon="script.module.metahandler"/>
</requires>

<extension point="xbmc.python.pluginsource" library="main.py">
	<provides>video</provides>
</extension>

<extension point="xbmc.addon.metadata">
    <summary>[COLOR orange]| [/COLOR]FILMES E SERIES[COLOR orange] |[/COLOR][COLOR orange] [/COLOR]TORRENT E WEB[COLOR orange] |[/COLOR]</summary>
    <description lang="en">[B][COLOR orange] MICO-LEAO DUBLADO [/COLOR][/B][B][COLOR white] é apenas um AGREGADOR de links e, assim como o Google.com, apenas agrega e organiza os links externos. Não somos responsáveis pelos arquivos aqui encontrados.[/COLOR][/B]</description>
    <disclaimer lang="en">[B][COLOR orange]Para manter o addon atualizado recomendamos instalar o repositório Vikings: https://vkodi.net/repo[/COLOR][/B]</disclaimer>
	<platform>all</platform>
    <assets>
	<icon>icon.png</icon>
    <fanart>fanart.jpg</fanart>
    <screenshot>resources/screenshots/01.jpg</screenshot>
    <screenshot>resources/screenshots/02.jpg</screenshot>
    <screenshot>resources/screenshots/03.jpg</screenshot>
	</assets>
</extension>

</addon>