<?xml version="1.0" encoding="UTF-8" standalone="yes"?>
<addon id="plugin.video.feracanais" name="[B][COLOR yellow]FERA CANAIS[/COLOR][/B]" version="1.2.0" provider-name="[B][COLOR red]Fera Canais[/COLOR][/B]">
    <requires>
		<import addon="xbmc.python" version="2.1.0"/>
		<import addon="script.module.t0mm0.common"/>
		<import addon="script.module.beautifulsoup"/>
		<import addon="script.module.beautifulsoup4"/>
		<import addon="script.module.simple.downloader"/>
		<import addon="script.module.requests"/>
		<import addon="script.module.httplib2"/>
		<import addon="script.module.urlresolver"/>
		<import addon="script.module.simplejson"/>
		<import addon="script.common.plugin.cache"/>
		<import addon="script.module.metahandler"/>
    </requires>
    <extension point="xbmc.python.pluginsource"
               library="default.py">
        <provides>video</provides>
    </extension>
    <extension point="xbmc.addon.metadata">
        <platform>all</platform>
        <summary>[B][COLOR red]| [/COLOR][COLOR yellow]CANAIS DE TV AO VIVO[/COLOR][COLOR red]| [/COLOR][/B]</summary>
        <description>[B][COLOR red] FERA CANAIS ADDON [/COLOR][/B][B][COLOR white] é apenas um AGREGADOR de links e, assim como o Google.com, apenas agrega e organiza os links externos. Não somos responsáveis pelos arquivos aqui encontrados.[/COLOR][/B]</description>
    </extension>
</addon>