<?xml version="1.0" encoding="UTF-8" standalone="yes"?>
<addon id="plugin.video.animesplay" name="[B][COLOR white]Animes[/COLOR] [COLOR yellow]Play[/COLOR][/B]" version="1.0.1" provider-name="Equipe OnePlay"> 
    <requires>
        <import addon="xbmc.python" version="2.1.0"/>
		<import addon="script.module.simplejson"/>
    </requires>
    <extension point="xbmc.python.pluginsource" library="main.py">
        <provides>video</provides>
    </extension>
  <extension point="xbmc.addon.repository" name="[B][COLOR white]Animes[/COLOR] [COLOR yellow]Play[/COLOR][/B]">
	<info compressed="false">https://github.com/OnePlayHD/OneRepo/raw/master/leia/addons.xml</info>
	<checksum>https://github.com/OnePlayHD/OneRepo/raw/master/leia/addons.xml.md5</checksum>
	<datadir zip="true">https://github.com/OnePlayHD/OneRepo/raw/master/leia/</datadir>
  </extension>
    <extension point="xbmc.addon.metadata">
        <summary>Os Melhores animes aqui!.</summary>
        <description>Animes Play oferece diversos animes para o kodi.</description>
        <disclaimer>Animes Play não hospeda os conteudos, todos os animes são links agregados ao addon.</disclaimer>
        <platform>all</platform>
    </extension>
</addon>