<?xml version="1.0" encoding="UTF-8" standalone="yes"?>
<addon id="script.marvelrus.artwork" version="2.0.1" name="[B][COLOR red]Marvelrus[/COLOR] Artwork[/B]" provider-name="Marvelrus">
    <requires>
        <import addon="xbmc.python" version="2.19.0"/>
    </requires>
    <extension point="xbmc.python.module" library="lib" />
    <extension point="xbmc.addon.metadata">
    <summary lang="en">[B][COLOR red]Marvelrus[/COLOR] Artwork[/B] is free for everyone.</summary>
    <description lang="en">This addon does not form part of the Kodi Media Center.The author does not host any of the content in this addon and takes no responsibility for content found.</description>
    <disclaimer lang="en">The author is not responsible for the use of this addon. The author is not responsible for the content found using this addon. The author does not host or own any content found within this addon. The author is in no way affiliated with Kodi, Team Kodi, or the XBMC Foundation.</disclaimer>
    <platform>all</platform>
    <license>GNU GENERAL PUBLIC LICENSE. Version 3, 29 June 2007</license>
    <assets>
        <icon>icon.png</icon>
        <fanart></fanart>
        <screenshot></screenshot>
        <screenshot></screenshot>
        <screenshot></screenshot>
    </assets>
    <news></news>
    </extension>
</addon>