<?xml version="1.0" encoding="UTF-8" standalone="yes"?>
<addon id="plugin.video.cobraplay"
       name="Cobra Play"
       version="1.0.0"
       provider-name="MAXIMUS">
  <requires>
    <import addon="xbmc.python" version="2.1.0"/>
	<import addon="script.module.t0mm0.common" version="2.0.0"/>
    <import addon="script.module.beautifulsoup" version="3.2.1"/>
    <import addon="script.module.simple.downloader" version="0.9.4"/>
    <import addon="script.module.beautifulsoup4" />
    <import addon="script.module.simple.downloader" version="0.9.4"/>
    <import addon="script.module.requests" />
    <import addon="script.module.httplib2" />
    <import addon="script.module.youtube.dl" optional="true"/>
    <import addon="plugin.video.youtube" version="3.0.0"/>
    <import addon="script.module.urlresolver" optional="true"/>
    <import addon="script.module.simplejson" /> 
    <import addon="script.common.plugin.cache" version="2.5.2"/>
    <import addon="script.module.metahandler" version="2.5.1"/>

  </requires>
  <extension point="xbmc.python.pluginsource" library="default.py">
    <provides>video</provides>
  </extension>
 <extension point="xbmc.addon.repository" name="Repositório Teste">
	<info compressed="false">https://raw.githubusercontent.com/lokimaximus/jokerREPO/master/zips/addons.xml</info>
	<checksum>https://raw.githubusercontent.com/lokimaximus/jokerREPO/master/zips/addons.xml.md5</checksum>
	<datadir zip="true">https://raw.githubusercontent.com/lokimaximus/jokerREPO/master/zips/</datadir>
  </extension>
  
  <extension point="xbmc.addon.metadata">
    <summary lang="en">Seja muito bem-vindo ao nosso ADDON Cobra Play. Queremos que se Divirta, obrigado por nos escolher!</summary>
    <description lang="en">Proibido reprodução total ou parcial sem prévia autorização</description>
     <disclaimer lang="en">Não fazemos parte da equipe do kodi, utilizamos links de terceiros, portanto não nos responsabilizamos por eles.</disclaimer>
	 	<news>V1.0.0 - Criação de Addon.</news>
    <platform>all</platform>
	<assets>
       <icon>icon.gif</icon>
       <fanart>fanart.jpg</fanart>
       <screenshot>resources/screenshots/1.jpg</screenshot>
       <screenshot>resources/screenshots/2.jpg</screenshot>
       <screenshot>resources/screenshots/3.jpg</screenshot>
    </assets>
  </extension>
</addon>
