<?xml version="1.0" encoding="UTF-8" standalone="yes"?>
<addon id="plugin.video.PirateBr"
       name="[B]Pirate-Br+[/B]"
       version="1.0.1"
       provider-name="Gael">
  <requires>
    <import addon="xbmc.python" version="2.1.0"/>
	<import addon="script.module.t0mm0.common" version="2.0.0"/>
    <import addon="script.module.beautifulsoup" version="3.2.1"/>
    <import addon="script.module.simple.downloader" version="0.9.4"/>
    <import addon="script.module.beautifulsoup4" />
    <import addon="script.module.simple.downloader" version="0.9.4"/>
    <import addon="script.module.requests" />
    <import addon="script.module.httplib2" />
    <import addon="script.module.youtube.dl" optional="true"/>
    <import addon="plugin.video.youtube" version="3.0.0"/>
    <import addon="script.module.urlresolver" optional="true"/>
    <import addon="script.module.simplejson" /> 
    <import addon="script.common.plugin.cache" version="2.5.2"/>
    <import addon="script.module.metahandler" version="2.5.1"/>

  </requires>
  <extension point="xbmc.python.pluginsource" library="default.py">
    <provides>video</provides>
  </extension>
 <extension point="xbmc.addon.repository" name="Repositório Teste">
	<info compressed="false">http://raw.github.com/zoreu/meuaddon/master/addons.xml</info>
	<checksum>http://raw.github.com/zoreu/meuaddon/master/addons.xml.md5</checksum>
	<datadir zip="true">http://raw.github.com/zoreu/meuaddon/master/zip/</datadir>
  </extension>
  
  <extension point="xbmc.addon.metadata">
    <summary lang="en">[COLOR gray][I]Esse Addon é apenas um agregador de links e,assim como GOOGLE.COM,apenas agrega e organiza os links externos. Os arquivos aqui mostrados nao sao hospedados nesse servidor! Todo e qualquer link P2P (TORRENT) sao criados e disponibilizados na Web pelos usuarios.[/I][/COLOR]
</summary>
    <description lang="en"></description>
     <disclaimer lang="en">Não fazemos parte da equipe do kodi, utilizamos links de terceiros, portanto não nos responsabilizamos por eles.</disclaimer>
	 	<news>V1.0.1 - Compatibilidade com os links</news>
    <platform>all</platform>
	<assets>
       <icon>icon.png</icon>
       <fanart>fanart.jpg</fanart>
       <screenshot>resources/screenshots/1.jpg</screenshot>
       <screenshot>resources/screenshots/2.jpg</screenshot>
       <screenshot>resources/screenshots/3.jpg</screenshot>
    </assets>
  </extension>
</addon>
