<?xml version="1.0" encoding="UTF-8" standalone="yes"?>
<addon 	id="plugin.video.Globe"
	name="Globe"
	version="1.0.1"
	provider-name="Equipe Globe">
<requires>
    <import addon="xbmc.python" version="3.0.0"/>
    <import addon="script.module.requests"/>
    <import addon="script.module.simplejson"/>
	<import addon="script.module.kodi-six" />
</requires>  
<extension point="xbmc.python.pluginsource" library="globeplay.py">
	<provides>video</provides>
</extension>

<extension point="xbmc.addon.repository" name="Repositório Exemplo">
	<info compressed="false"></info>
	<checksum></checksum>
    <datadir zip="true"></datadir>
</extension>

<extension point="xbmc.addon.metadata">
    <summary lang="en">Filmes, séries e cursos em torrent</summary>
	<description lang="en">Addon atualizando frequentemente, todos os links são encontrados na internet e separados. Não hospedamos nada!!! Addon de código aberto</description>
	<disclaimer lang="en">Não fazemos parte da equipe do kodi, utilizamos links de terceiros, portanto não nos responsabilizamos por eles.</disclaimer>
	 	<news>
V1.0.1 - Portado pro Kodi 19 Matrix
(Links diretos funcionam melhor no Kodi 18 LEIA)
V1.0.1 - Correção de múltiplos links
V1.0.0 - Addon de código aberto.
</news>
	<platform>all</platform>
    <assets>
	<icon>icon.png</icon>
    <fanart>fanart.png</fanart>
    <screenshot>resources/screenshots/01.jpg</screenshot>
    <screenshot>resources/screenshots/02.jpg</screenshot>
    <screenshot>resources/screenshots/03.jpg</screenshot>

    </assets>
</extension>
</addon>




