<?xml version="1.0" encoding="UTF-8" standalone="yes"?>
<addon id="plugin.video.formigatv" name=" [COLOR orange][B]FORMIGA[/B][/COLOR][COLOR yellow][B]tv[/B][/COLOR]" version="1.0" provider-name="formigatv"> 
<requires>
    <import addon="xbmc.python" version="3.0.0"/>
    <import addon="script.module.requests"/>
	<import addon="inputstream.adaptive"/>
    <import addon="script.module.simplejson"/>
	<import addon="script.module.kodi-six" />
</requires>  
<extension point="xbmc.python.pluginsource" library="mixtx.py">
	<provides>video</provides>
</extension>  
<extension point="xbmc.addon.metadata">
    <summary lang="en">FORMIGAtv - Sua Tv na Caixinha. (SUPORTE): [COLOR yellow][B]37-9.91253261 zap[/B][/COLOR]</summary>
    <description>FORMIGAtv - Sua Tv na Caixinha. (SUPORTE):  [COLOR yellow][B]37-9.91253261 zap[/B][/COLOR] - FORMIGAtv - Sempre Atualizando...</description>
    <platform>all</platform>
	<assets>
       <icon>icon.png</icon>
       <fanart>fanart.jpg</fanart>
       <screenshot>resources/screenshots/01.jpg</screenshot>
       <screenshot>resources/screenshots/02.jpg</screenshot>
       <screenshot>resources/screenshots/03.jpg</screenshot>
    </assets>
	<news>
	</news>
</extension>
</addon>