<?xml version="1.0" encoding="UTF-8" standalone="yes"?>
<addon id="plugin.video.torrent.play.matrix" name="[B][COLOR white]Torrent[/COLOR][COLOR darkorange] - [/COLOR][COLOR darkgreen]Play[/COLOR][/B]" version="1.0.2+matrix.1" provider-name="Team KelTec Media'Play e Team Zorel OnePlay">
    <requires>
        <import addon="xbmc.python" version="3.0.0" />
		<import addon="script.module.beautifulsoup4"/>
    </requires>
    <extension point="xbmc.python.pluginsource" library="YaP.py">
        <provides>video</provides>
    </extension>
    <extension point="xbmc.addon.repository" name="[B]KelTe-Medi-Play Repositório[/B]">
		<info compressed="false">https://raw.githubusercontent.com/keltecmp-repo/repo/master/addons.xml</info>
		<checksum>https://raw.githubusercontent.com/keltecmp-repo/repo/master/addons.xml.md5</checksum>
		<datadir zip="true">https://raw.githubusercontent.com/keltecmp-repo/repo/master/Plugins</datadir>
		<hashes>false</hashes>
	</extension>
    <extension point="xbmc.addon.metadata">
        <summary lang="en">Créditos Team ZOREL [COLOR crimson]Filmes Torrent - Series Torrent - [COLOR gold] (Dual-Audio) 1080P - 720P[/COLOR] OBS: Necessario repositório Vikings instalado no seu Kodi!</summary>
        <description lang="en">[COLOR gold][B]Torrent[COLOR white] - [/COLOR]Play[/B][/COLOR][COLOR crimson], oferece Filmes e Series, de qualidade 4K, H265 - 7.1, H264 - 5.1, 3D, 1080P e 720P e WEB-RIP, disponíveis para download via torrent, links totalmente funcionais e constantemente
            atualizados.[/COLOR],</description>
        <disclaimer lang="en">[COLOR darkgrey][B] Torrent[/B][/COLOR][COLOR crimson]O autor não é de forma alguma afiliado à Kodi, à Team Kodi ou à XBMC Foundation. Este é um recurso sem fins lucrativos, organizado exclusivamente para fins educacionais e protegido pela doutrina de uso justo da Lei de Direitos Autorais, especificamente a seção 107, que promove a liberdade de expressão, permitindo o uso não licenciado de obras protegidas por direitos autorais; nao tem nenhuma afiliação com o provedor de conteúdo.[COLOR darkgrey][B] Torrent[/B] [/COLOR]Os creditos para Zorel sem ele não chegariamos aqui Obrigado![/COLOR]</disclaimer>
        <website>https://keltecmp.net/</website>
        <forum></forum>
        <license>GNU GENERAL PUBLIC LICENSE. Version 3.</license>
        <platform>all</platform>
	<assets>
        <icon>icon.gif</icon>
        <fanart>fanart.jpg</fanart>
    </assets>
	<news>
v1.0.0+matrix.1
- Addon Torrent Play
v1.0.2+matrix.1
- Correções PY
	</news>
    </extension>
</addon>