<?xml version="1.0" encoding="UTF-8" standalone="yes"?>
<addon id="plugin.video.fgamainset" name=" [COLOR orange][B]MAINSET - [/B][/COLOR][COLOR yellow][B]Configuração Mental[/B][/COLOR]" version="1.0" provider-name="fgamainset"> 
<requires>
    <import addon="xbmc.python" version="3.0.0"/>
    <import addon="script.module.requests"/>
	<import addon="inputstream.adaptive"/>
    <import addon="script.module.simplejson"/>
	<import addon="script.module.kodi-six" />
</requires>  
<extension point="xbmc.python.pluginsource" library="mixtx.py">
	<provides>video</provides>
</extension>  
<extension point="xbmc.addon.metadata">
    <summary lang="en">MAINSET :Mindset é a configuração da mente, um conceito que busca entender a predisposição psicológica de uma pessoa que prioriza determinados pensamentos e padrões de comportamento para, então, propor e desenvolver uma nova abordagem</summary>
    <description>[COLOR yellow][B]Pessoas com mentalidade de crescimento creem que podem aperfeiçoar constantemente suas aptidões[/B][/COLOR]</description>
    <platform>all</platform>
	<assets>
       <icon>icon.png</icon>
       <fanart>fanart.jpg</fanart>
       <screenshot>resources/screenshots/01.jpg</screenshot>
       <screenshot>resources/screenshots/02.jpg</screenshot>
       <screenshot>resources/screenshots/03.jpg</screenshot>
    </assets>
	<news>
	</news>
</extension>
</addon>