<?xml version="1.0" encoding="UTF-8" standalone="yes"?>
<addon id="plugin.video.KronosPlay"
name="[B][COLOR red]Kronos [COLOR white]Play[/COLOR][/COLOR][/B]"
version="5.0"
provider-name="[B][COLOR white]Team Kronos Play[/COLOR][/B]">
<requires>
<import addon="xbmc.python" version="2.1.0"/>
<import addon="script.module.t0mm0.common"/>
<import addon="script.module.beautifulsoup"/>
<import addon="script.module.simple.downloader"/>
<import addon="script.module.beautifulsoup4" />
<import addon="script.module.simple.downloader"/>
<import addon="script.module.requests"/>
<import addon="script.module.httplib2"/>
<import addon="script.module.urlresolver"/>
<import addon="script.module.simplejson"/> 
<import addon="script.common.plugin.cache"/>
<import addon="script.module.metahandler"/>
</requires>
<extension point="xbmc.python.pluginsource" library="default.py">
<provides>video</provides>
</extension>
<extension point="xbmc.addon.repository" name="Kronos Play Repository">
<dir>
<info compressed="false">https://raw.github.com/kronosrisk/kronosplay/master/repo/addons.xml</info>
<checksum>https://raw.github.com/kronosrisk/kronosplay/master/repo/addons.xml.md5</checksum>
<datadir zip="true">https://raw.github.com/kronosrisk/kronosplay/master/repo/Plugins/</datadir>
<hashes>false</hashes>
</dir>
</extension>
<extension point="xbmc.addon.metadata">
<summary></summary>
<description>[B][COLOR gold]●[/COLOR] [COLOR white]KronosPlay é um AGREGADOR de links, e como sites de pesquisa como google, apenas agrega e organiza os links externos. Não somos responsáveis pelos conteúdos aqui encontrados.[/COLOR][/B]</description>
<disclaimer>[B][COLOR white]SEJA BEM VINDO [COLOR gold]:)[/COLOR][/COLOR][/B]</disclaimer>
<platform>all</platform>
<assets>
<icon>icon.png</icon>
<fanart>fanart.jpg</fanart>
</assets>
<news>
CORRIGIDO MENUS EM BRANCOS
</news>
</extension>
</addon>