<?xml version="1.0" encoding="UTF-8" standalone="yes"?>
<addon id="script.module.kodi-helper" name="KODI HELPER" version="0.0.3" provider-name="zoreu">
    <requires>
        <import addon="script.module.simplejson" />
        <import addon="script.module.six" />
        <import addon="script.module.kodi-six" />
        <import addon="script.module.requests"/>
        <import addon="script.module.beautifulsoup4"/>
    </requires>
    <extension point="xbmc.python.module" library="lib" />
    <extension point="kodi.context.item">
        <menu id="kodi.core.main">
            <menu>
                <label>KODI HELPER MENU</label>              
                <item library="context_proxy.py">
                    <label>PLAY IPTV WITH PROXY</label>
                    <visible>String.Contains(ListItem.path,plugin)</visible>
                </item>
                <item library="context_info.py">
                    <label>IPTV INFO</label>
                    <visible>String.Contains(ListItem.path,plugin)</visible>
                </item>                                
                <item library="context_torrent.py">
                    <label>PLAY TORRENT</label>
                    <visible>String.Contains(ListItem.path,plugin)</visible>
                </item>
                                
            </menu>
        </menu>
    </extension>
    <extension point="kodi.addon.metadata">
        <summary lang="en">Kodi helper module for addons</summary>
        <disclaimer lang="en">The author is not responsible for addon usage and does not host or distribute any of the content displayed by this addon.</disclaimer>
        <license>WTFPL, Version 2, December 2004. See included LICENSE.</license>
        <source>https://github.com/zoreu/script.module.kodi-helper</source>
        <forum></forum>
        <assets>
            <icon>icon.png</icon>
        </assets>
    </extension>
</addon>
