<?xml version="3.0" encoding="UTF-8" standalone="yes"?>
<addon id="plugin.video.the-piratebr"
       name="[COLOR yellow][B]THE PIRATE[/B][/COLOR] [B][COLOR green]BR+[/COLOR][/B]"
       version="3.0.2+matrix.1"
       provider-name="TPB+">
<requires>
		<import addon="script.module.six" />
		<import addon="script.module.kodi-six" />
		<import addon="script.module.requests" optional="true"/>
		<import addon="script.module.websocket" version="0.50.0"  optional="true"/>
		<import addon="script.module.youtube.dl" optional="true"/>
		<import addon="plugin.video.youtube" optional="true" />
		<import addon="script.module.dateutil" optional="true" />
		<import addon="script.module.resolveurl" optional="true"/>
		<import addon="script.module.urlresolver" optional="true"/>
		<import addon="script.module.cloudscraper" optional="true"/>
		<import addon="script.module.inputstreamhelper" optional="true"/>
		<import addon="script.module.slproxy" optional="true"/>
</requires>  
<extension point="xbmc.python.pluginsource" library="default.py">
	<provides>video</provides>
</extension>   
<extension point="xbmc.addon.metadata">
	 <summary lang="en">Addon focado em filmes 4k,imax,remux e 3d</summary>
    <description lang="en">Somos apenas um agregador de links</description>
    <disclaimer lang="en"></disclaimer>
	<platform>all</platform>
	<assets>
       <icon>icon.png</icon>
       <fanart>fanart.jpg</fanart>
<screenshot>resources/art/home.png</screenshot>
<screenshot>resources/art/movies.png</screenshot>
<screenshot>resources/art/series.png</screenshot>
</assets>
	<news>news
	</news>
</extension>
</addon>