<?xml version="1.0" encoding="UTF-8" standalone="yes"?>
<addon id="plugin.video.neo.tv" version="2.0.0+matrix" name="[B][COLOR white]NEO tv[/COLOR][/B]" provider-name="Neo.tv">
<requires>
		<import addon="script.module.six" />
		<import addon="script.module.kodi-six" />
		<import addon="script.module.requests" optional="true"/>
		<import addon="script.module.websocket" version="0.50.0"  optional="true"/>
		<import addon="script.module.youtube.dl" optional="true"/>
		<import addon="plugin.video.youtube" optional="true" />
		<import addon="script.module.dateutil" optional="true" />
		<import addon="script.module.resolveurl" optional="true"/>
                <import addon="script.module.urlresolver" optional="true"/>
		<import addon="script.module.cloudscraper" optional="true"/>
		<import addon="script.module.inputstreamhelper" optional="true"/>
		<import addon="script.module.slproxy" optional="true"/>
	</requires>
  <extension point="xbmc.python.pluginsource" library="default.py">
    <provides>video</provides>
  </extension>
  <extension point="xbmc.addon.metadata">
    <summary lang="en">[B][COLOR white]ADDON [COLOR white]neo[/COLOR][COLOR orange]tv [/COLOR]</summary>
    <description lang="en">[B][COLOR lime]ADDON oficial [B][COLOR white]neo[/COLOR][COLOR orange]tv [/COLOR][/B] - Proibido reprodução total ou parcial sem prévia autorização[/COLOR][/B]
[B][COLOR white]Addon [B][COLOR white]neo[/COLOR][COLOR orange]tv [/COLOR][/B] é de uso gratuito!![/B][/COLOR]</description>
    <news>

</news>
    <platform>all</platform>
	<assets>
	<icon>icon.png</icon>
    <fanart>fanart.jpg</fanart>
    <screenshot>resources/screenshots/.jpg</screenshot>
    <screenshot>resources/screenshots/.jpg</screenshot>
    <screenshot>resources/screenshots/.jpg</screenshot>
</assets>
  </extension>
</addon>
