<?xml version="1.0" encoding="UTF-8" standalone="yes"?>
<addon id="plugin.video.CineRoom"
       name="[B]Cine[/B][COLOR pink] [B]Room[/B][/COLOR]"
       version="1.0.1"
       provider-name="Gael">
  <requires>
    <import addon="xbmc.python" version="2.1.0"/>
	<import addon="script.module.t0mm0.common" version="2.0.0"/>
    <import addon="script.module.beautifulsoup" version="3.2.1"/>
    <import addon="script.module.simple.downloader" version="0.9.4"/>
    <import addon="script.module.beautifulsoup4" />
    <import addon="script.module.simple.downloader" version="0.9.4"/>
    <import addon="script.module.requests" />
    <import addon="script.module.httplib2" />
    <import addon="script.module.youtube.dl" optional="true"/>
    <import addon="plugin.video.youtube" version="3.0.0"/>
    <import addon="script.module.urlresolver" optional="true"/>
    <import addon="script.module.simplejson" /> 
    <import addon="script.common.plugin.cache" version="2.5.2"/>
    <import addon="script.module.metahandler" version="2.5.1"/>

  </requires>
  <extension point="xbmc.python.pluginsource" library="default.py">
    <provides>video</provides>
  </extension>
  <extension point="xbmc.addon.metadata">
    <summary lang="pt">Somos apenas um agregador de links. Não vendemos ou possuimos nenhum vinculo com Apps de vendas!</summary>
    <description lang="en">Plugin focado em Filmes, Séries e Animes. O Melhor do torrent na sua casa!</description>
     <disclaimer lang="en">[COLOR yellow]OBRIGADO PELO PREFERENCIA S2[/COLOR]</disclaimer>
	 	<news>[COLOR yellow]V1.0.1[/COLOR]:
		- Compatibilidade com os links.
		- Addon repaginado e organizado por categorias.
		- Adicionados servidores extras em cada link torrent
		- Compativel com as versoes Krypton e Matrix</news>
    <platform>all</platform>
	<assets>
       <icon>icon.png</icon>
       <fanart>fanart.jpg</fanart>
       <screenshot>resources/screenshots/1.jpg</screenshot>
       <screenshot>resources/screenshots/2.jpg</screenshot>
       <screenshot>resources/screenshots/3.jpg</screenshot>
    </assets>
  </extension>
</addon>
