<?xml version="1.0" encoding="UTF-8" standalone="yes"?>
<addon id="plugin.video.vtvonlinekodi18"
       name="[COLOR white][B]VTV Online[/B][/COLOR]"
       version="1.1"
       provider-name="RicardoJ">
  <requires>
    <import addon="xbmc.python" version="2.1.0"/>
    <import addon="script.module.beautifulsoup" version="3.2.1"/>
    <import addon="script.module.simple.downloader" version="0.9.4"/>
    <import addon="script.module.beautifulsoup4" />
    <import addon="script.module.requests" />
    <import addon="script.module.httplib2" />
    <import addon="script.module.liveresolver" version="0.1.24" optional="true"/>
    <import addon="script.module.youtube.dl" optional="true"/>
    <import addon="plugin.video.youtube" optional="true" />
	<import addon="plugin.video.SportsDevil" optional="true" />
    <import addon="script.module.urlresolver" optional="true"/>
    <import addon="script.module.simplejson" />    
     <import addon="script.module.livestreamer" optional="true"/>
     <import addon="script.module.pyamf" optional="true"/>
  </requires>
  <extension point="xbmc.python.pluginsource" library="default.py">
    <provides>video</provides>
  </extension>
  
  	
  <extension point="xbmc.addon.metadata">
    <summary>Bem-vindo ao VTV Online para o Kodi 18</summary>
    <description>
Conteúdo de forma rápida e com qualidade, Agregamos todos os dias o melhor conteúdo da Internet, Filmes , Series, Animes, Tv Online e muito mais em um só lugar             
    </description>
    <platform>all</platform>
  </extension>
</addon>