<?xml version="2.0" encoding="UTF-8" standalone="yes"?>
<addon id="plugin.video.gaviaoplayer"
       name="[COLOR white][B]GAVIAO PLAYER[/B][/COLOR]"
       version="2.0"
       provider-name="BY WILSON">
  <requires>
    <import addon="xbmc.python" version="2.1.0"/>
    <import addon="script.module.beautifulsoup" version="3.2.1"/>
    <import addon="script.module.simple.downloader" version="0.9.4"/>
    <import addon="script.module.beautifulsoup4" />
    <import addon="script.module.requests" />
    <import addon="script.module.httplib2" />
    <import addon="script.module.liveresolver" version="0.1.24" optional="true"/>
    <import addon="script.module.youtube.dl" optional="true"/>
    <import addon="plugin.video.youtube" optional="true" />
	<import addon="plugin.video.SportsDevil" optional="true" />
    <import addon="script.module.urlresolver" optional="true"/>
    <import addon="script.module.simplejson" />    
     <import addon="script.module.livestreamer" optional="true"/>
     <import addon="script.module.pyamf" optional="true"/>
  </requires>
  <extension point="xbmc.python.pluginsource" library="default.py">
    <provides>video</provides>
  </extension>
  
  	
  <extension point="xbmc.addon.metadata">
    <summary>GAVIAO PLAYER</summary>
    <description>
        CANAL SEM FINS LUCRATIVOS,CONSTRUIDO POR HOBBY, NÃO POSSUIMOS NENHUM ARQUIVO COM DIREITOS AUTORAIS TODOS OS LINKS FORAM ENCONTRADOS NA INTERNET, SOMENTE ORGANIZAMOS TODOS EM UM SO LUGAR. NÃO NOS RESPONSABILIZAMOS POR USO INDEVIDO DE TERCEIROS 
             
    </description>
    <platform>all</platform>
  </extension>
</addon>