<?xml version="1.0" encoding="UTF-8" standalone="yes"?>
<addon id="plugin.video.ricosaddon" name="[B]Canal Ricos[/B]" version="2.2" provider-name="Kodish Team,Zoreu">
	<requires>
		<import addon="script.module.six" />
        <import addon="script.module.kodi-six" />
	</requires>
	<extension point="xbmc.python.pluginsource" library="default.py">
		<provides>video</provides>
	</extension>
	<extension point="xbmc.addon.metadata">
		<summary lang="en"></summary>
		<description lang="en">[B]Canal Ricos [/B] </description>
		<platform>all</platform>
		<assets>
			<icon>icon.png</icon>
		</assets>
	</extension>
</addon>
