﻿<?xml version="1.0" encoding="UTF-8" standalone="yes"?>
<addon id="One.repo" name="[B][COLOR white]Repositorio[/COLOR]: [COLOR aquamarine]OnePlay[/COLOR][/B]" version="1.04" provider-name="Team [COLOR aquamarine]OnePlay[/COLOR]">
	<requires>
	<import addon="xbmc.addon" version="12.0.0"/>
  </requires>
  <extension point="xbmc.addon.repository" name="Vikings Repository">
  	<dir minversion="17.0.0" maxversion="18.9.0">
			<info compressed="false">http://raw.githubusercontent.com/OnePlayHD/OneRepo/master/leia/addons.xml</info>
			<checksum>http://raw.githubusercontent.com/OnePlayHD/OneRepo/master/leia/addons.xml.md5</checksum>
			<datadir zip="true">http://raw.githubusercontent.com/OnePlayHD/OneRepo/master/leia/</datadir>
			<hashes>false</hashes>
    </dir>
  	<dir minversion="18.9.1">
			<info compressed="false">https://raw.githubusercontent.com/OnePlayHD/OneRepo/master/matrix/addons.xml</info>
			<checksum>https://raw.githubusercontent.com/OnePlayHD/OneRepo/master/matrix/addons.xml.md5</checksum>
			<datadir zip="true">https://raw.githubusercontent.com/OnePlayHD/OneRepo/master/matrix/</datadir>
			<hashes>false</hashes>
    </dir>
	</extension>
	<extension point="xbmc.addon.metadata">
		<summary>Repositorio Oficial OnePlay</summary>
		<description>Repositorio oficial OnePlay - Proibido reproducao sem previa autorizacao</description>
		<disclaimer></disclaimer>
		<platform>all</platform>
	</extension>
</addon>