<?xml version="1.0" encoding="UTF-8" standalone="yes"?>
<addon 
	id="plugin.video.VikingsPro" 
	name="[B][COLOR yellow]  Vikings  [COLOR orange]Pro[/B][/COLOR]"
	version="1.31" 
	provider-name="[B][COLOR gold]Vikings TEAM[/B][/COLOR]">
	
  <requires>
    <import addon="xbmc.python" version="2.1.0"/>
    <import addon="script.module.requests" version="2.9.1"/>
  </requires>
  <extension point="xbmc.python.pluginsource" library="default.py">
        <provides>video</provides>
  </extension>
  <extension point="xbmc.addon.metadata">
    <summary lang="en">VikingsPro</summary>
    <description lang="en">IPTV de Qualidade, a preço acessivel, para Todos!</description>
    <platform>all</platform>
	<news></news>
  </extension>
</addon>
