<?xml version="1.0" encoding="UTF-8" standalone="yes"?>
<addon id="repository.aresrepo" name="[COLOR lime]ares[/COLOR][COLOR yellow]repo[/COLOR] [COLORcyan]Repository[/COLOR]" version="1.15" provider-name="[COLOR lime]AR[/COLOR][COLOR yellow]ES[/COLOR]">
  <requires>
    <import addon="xbmc.addon" version="12.0.0"/>  
  </requires>
  <extension point="xbmc.addon.repository" name="[COLOR red]aresrepo [COLOR cyan]Repositorio[/COLOR]">
    <dir>
    <info compressed="true">https://raw.github.com/aresrepo/aresrepo.github.io/master/addons.xml</info>
    <checksum>https://raw.github.com/aresrepo/aresrepo.github.io/master/addons.xml.md5</checksum>
    <datadir zip="true">https://raw.github.com/aresrepo/aresrepo.github.io/master</datadir>
    <hashes>false</hashes>
</dir>
  <dir minversion="20.0.0">
      <info compressed="true">https://raw.github.com/aresrepo/aresrepo.github.io/master/omega/addons.xml</info>
      <checksum>https://raw.github.com/aresrepo/aresrepo.github.io/master/omega/addons.xml.md5</checksum>
      <datadir zip="true">https://raw.github.com/aresrepo/aresrepo.github.io/master/omega</datadir>
      <hashes>false</hashes>
  </dir> 
<dir minversion="19.9.9">
      <info compressed="true">https://raw.github.com/aresrepo/aresrepo.github.io/master/nexus/addons.xml</info>
      <checksum>https://raw.github.com/aresrepo/aresrepo.github.io/master/nexus/addons.xml.md5</checksum>
      <datadir zip="true">https://raw.github.com/aresrepo/aresrepo.github.io/master/nexus</datadir>
      <hashes>false</hashes>
  </dir>  
  <dir minversion="19.0.0">
      <info compressed="true">https://raw.github.com/aresrepo/aresrepo.github.io/master/matrix/addons.xml</info>
      <checksum>https://raw.github.com/aresrepo/aresrepo.github.io/master/matrix/addons.xml.md5</checksum>
      <datadir zip="true">https://raw.github.com/aresrepo/aresrepo.github.io/master/matrix</datadir>
      <hashes>false</hashes>
  </dir>    
  </extension>
  <extension point="xbmc.addon.metadata">
    <summary>repositorio repoblacksheep</summary>
    <description>[B][COLOR orange]ESTE É O REPOSITÓRIO OFICIAL DO ADDON [B][COLOR red]repo[/B][/COLOR][B][COLOR orange]ares[/B][/COLOR], [B]DESENVOLVIDO PARA OFERECER CONTEÚDOS EXCLUSIVOS COM QUALIDADE E PRATICIDADE. A REPRODUÇÃO OU DISTRIBUIÇÃO DESTE ADDON SEM AUTORIZAÇÃO PRÉVIA É ESTRITAMENTE PROIBIDA. APROVEITE UMA EXPERIÊNCIA PERSONALIZADA E OTIMIZADA PARA O SEU ENTRETENIMENTO.[/B][/COLOR]
</description>
    <disclaimer></disclaimer>
    <platform>all</platform>
    <assets>
      <icon>icon.png</icon>
      <fanart>fanart.jpg</fanart>
    </assets>
  </extension>
</addon>
