<?xml version="1.0" encoding="UTF-8" standalone="yes"?>
<addon id="plugin.video.CineDragon_Matrix" name="Cine Dragon" version="1.0.1+matrix.1" provider-name="Juninho"> 
<requires>
    <import addon="xbmc.python" version="3.0.0"/>
    <import addon="script.module.requests"/>
    <import addon="script.module.simplejson"/>
	<import addon="script.module.kodi-six" />
</requires>  
<extension point="xbmc.python.pluginsource" library="default.py">
	<provides>video</provides>
</extension>   
<extension point="xbmc.addon.metadata">
	<summary lang="en">[COLOR lime]Cine Dragon é do grupo JRSJ companhia[/COLOR]</summary>
	<summary lang="pt">[COLOR lime]Cine Dragon é do grupo JRSJ companhia[/COLOR]</summary>
	<description lang="en">[COLOR lime]Obrigado por usar este addon
Não temos fins lucrativo mas para mantermos o Addon funcionando sua doação é importante seja qualquer valor para compensarmos nosso trabalho[/COLOR]</description>
	<description lang="pt">[COLOR lime]Obrigado por usar este addon
Não temos fins lucrativo mas para mantermos o Addon funcionando sua doação é importante seja qualquer valor para compensarmos nosso trabalho[/COLOR]</description>
    <disclaimer lang="en">Obrigado por usar este addon
Não temos fins lucrativo mas para mantermos o Addon funcionando sua doação é importante seja qualquer valor para compensarmos nosso trabalho</disclaimer>
	<disclaimer lang="pt">[COLOR lime]Obrigado por usar este addon
Não temos fins lucrativo mas para mantermos o Addon funcionando sua doação é importante seja qualquer valor para compensarmos nosso trabalho[/COLOR]</disclaimer>
    <platform>all</platform>
	<assets>
       <icon>icon.png</icon>
       <fanart>fanart.jpg</fanart>
    </assets>
	<news>
v1.0.0.matrix.1
- Addon
	</news>
</extension>
</addon>