<?xml version="1.0" encoding="UTF-8" standalone="yes"?>
<addon 	
		id="vkkodi.repo" name="[B][COLOR yellow]  Vikings  [COLOR orange]Repositorio Vikings Oficial! A Casa Oficial dos Melhores Add-ons BR[/B][/COLOR]"
		version="3.20"
		provider-name="[B][COLOR gold]Vikings TEAM[/B][/COLOR]">
		
		<requires>
        <import addon="xbmc.addon" version="12.0.0"/>
		</requires>
		
		<extension point="xbmc.addon.repository" name=".Vikings Repositorio">
		
		
	<dir>
			<info compressed="false">https://github.com/vikingskoditeam/vikingskoditeam.github.io/raw/master/addons.xml</info>
			<checksum>https://github.com/vikingskoditeam/vikingskoditeam.github.io/raw/master/addons.xml.md5</checksum>
			<datadir zip="true">https://github.com/vikingskoditeam/vikingskoditeam.github.io/raw/master</datadir>
			<hashes>false</hashes>
    </dir>
	
	<dir minversion="16.0.0" maxversion="18.9.0">
			<info compressed="false">https://github.com/vikingskoditeam/vikingskoditeam.github.io/raw/master/leia/addons.xml</info>
			<checksum>https://github.com/vikingskoditeam/vikingskoditeam.github.io/raw/master/leia/addons.xml.md5</checksum>
			<datadir zip="true">https://github.com/vikingskoditeam/vikingskoditeam.github.io/raw/master/leia</datadir>
			<hashes>false</hashes>
    </dir>
   
   <dir minversion="18.9.1">
			<info compressed="false">https://github.com/vikingskoditeam/vikingskoditeam.github.io/raw/master/matrix/addons.xml</info>
			<checksum>https://github.com/vikingskoditeam/vikingskoditeam.github.io/raw/master/matrix/addons.xml.md5</checksum>
			<datadir zip="true">https://github.com/vikingskoditeam/vikingskoditeam.github.io/raw/master/matrix</datadir>
			<hashes>false</hashes>
    </dir>
	
	</extension>
		
	
	<extension point="xbmc.addon.metadata">
		<summary lang="pt_br"></summary>
        <description lang="pt_br"></description>
		<platform>all</platform>
		<source>http://raw.github.com/vikingskoditeam/vikingskoditeam.github.io/master</source>
		 <assets>
            <icon>icon.png</icon>
			<fanart>fanart.jpg</fanart>
        </assets>
				
	<news></news>
		
	<summary>Repositório Vikings levando os melhores addons a sua familia e aos quatro cantos do Mundo!!!</summary>
		
	<description>	
                    [B][COLOR orange]Repositório Vikings, SEM BANIMENTO! SEM SCRIPT MALICIOSO!! PURO, LIMPO E SIMPLES!!![/COLOR][/B]
					[B][COLOR red]Repositório oficial Vikings Build - Proibido reprodução total ou parcial sem prévia autorização[/COLOR][/B]
					[B][COLOR white]Addons deste repositório é de uso gratuito!![/COLOR][/B]
					[B][COLOR firebrick]Proibido a venda dos add-ons contidos neste repositório[/COLOR][/B]
	</description>
		
<disclaimer>[B][COLOR orange]Repositório Vikings é apenas um AGREGADOR de ADDONS e, assim como o Google.com, apenas agrega e organiza ADDONS DE TERCEIROS. Não somos responsáveis pelos arquivos aqui encontrados.[/COLOR][/B]</disclaimer>
		
	</extension>
</addon>
