<?xml version="1.0" encoding="UTF-8" standalone="yes"?>

<addon id="plugin.video.KronosPlay" name="[COLOR red]Kronos[/COLOR] Play" version="1.0" provider-name="Kronos Play">

  <requires>

    <import addon="xbmc.python" version="2.1.0"/>

    <import addon="script.module.beautifulsoup" version="3.2.1"/>

    <import addon="script.module.simple.downloader" version="0.9.4"/>

    <import addon="script.module.beautifulsoup4"/>

    <import addon="script.module.requests"/>

    <import addon="script.module.httplib2"/>

    <import addon="script.module.simplejson"/>
 
  </requires>

  <extension point="xbmc.python.pluginsource" library="kronos.py">

        <provides>video</provides>

  </extension>

  <extension point="xbmc.addon.metadata">
    <summary lang="en">Kronos Play</summary>
	     <description lang="pt">é apenas um AGREGADOR de links e, assim como o Google.com, apenas agrega e organiza os links externos. Não somos responsáveis pelos arquivos aqui encontrados.</description>
		 <disclaimer lang="en">SEJA BEM VINDO : )</disclaimer>
    <platform>all</platform>
 
 </extension>

</addon>
