<?xml version="1.0" encoding="UTF-8" standalone="yes"?>
<addon id="plugin.video.BrunoFlix" name="[COLOR white][B]BRUNO[/B][/COLOR][COLOR yellow][B]FLIX[/B][/COLOR]" version="1.0.1" provider-name="TEAM-BRUNOFLIX">
  <requires>
    <import addon="xbmc.python" version="2.1.0"/>
    <import addon="script.module.beautifulsoup" version="3.2.1"/>
    <import addon="script.module.simple.downloader" version="0.9.4"/>
    <import addon="script.module.beautifulsoup4"/>
    <import addon="script.module.requests"/>
    <import addon="script.module.httplib2"/>
    <import addon="script.module.youtube.dl" optional="true"/>
    <import addon="plugin.video.youtube"/>
    <import addon="script.module.urlresolver" optional="true"/>
    <import addon="script.module.simplejson"/> 
  </requires>
  <extension point="xbmc.python.pluginsource" library="default.py">
        <provides>video</provides>
  </extension>
  <extension point="xbmc.addon.metadata">
    <summary lang="en">BrunoFlix</summary>
    <description lang="en">O autor não é de forma alguma afiliado à Kodi, à Team Kodi ou à XBMC Foundation. Este é um recurso sem fins lucrativos, organizado exclusivamente para fins educacionais e protegido pela doutrina de uso justo da Lei de Direitos Autorais, especificamente a seção 107, que promove a liberdade de expressão, permitindo o uso não licenciado de obras protegidas por direitos autorais.</description>
    <platform>all</platform>
  </extension>
</addon>
