<?xml version="1.0" encoding="UTF-8" standalone="yes"?>
<addon id="plugin.video.firehd"
       name="[B][COLOR chocolate]Tv Fogo HD[/COLOR][/B]"
       version="8.4.3"
       provider-name="[B][COLOR yellow]Equipe: TV Fogo[/COLOR][/B]">

  <requires>
    <import addon="xbmc.python" version="2.1.0"/>
    <import addon="script.module.beautifulsoup" version="3.2.1"/>
    <import addon="script.module.simple.downloader" version="0.9.4"/>
    <import addon="script.module.beautifulsoup4" />
    <import addon="script.module.requests" />
    <import addon="script.module.httplib2" />
    <import addon="script.module.urlresolver"/>
    <import addon="script.module.simplejson" />
  </requires>
  <extension point="xbmc.python.pluginsource" library="default.py">
    <provides>video</provides>
  </extension>
  <extension point="xbmc.addon.metadata">
    <summary lang="en">[B][COLOR chocolate]OBRIGADO POR USAR NOSSO ADD-ON[/COLOR][/B]</summary>
    <description lang="en">[B][COLOR chocolate]Tv Fogo HD é apenas um AGREGADOR de links e, assim como o Google.com, apenas agrega e organiza os links externos. Não somos responsáveis pelos arquivos aqui encontrados.[/COLOR][/B]</description>
    <news>
[B][COLOR chocolate]v8.4 - CORREÇÕES DE SEGURANÇA, OBRIGADO POR USAR NOSSO ADD-ON[/COLOR][/B]
</news>
    <platform>all</platform>
	<assets>
<icon>icon.png</icon>
<fanart>fanart.jpg</fanart>
<screenshot>resources/screenshots/home.png</screenshot>
<screenshot>resources/screenshots/movies.png</screenshot>
<screenshot>resources/screenshots/series.png</screenshot>
</assets>
  </extension>
</addon>
