<?xml version="1.0" encoding="UTF-8" standalone="yes"?>
<addon id="plugin.video.luminartstudio_kripton"
       name="[COLOR orange] LUMINART STUDIO [/COLOR]"
       version="1.4.21+kripton.G"
       provider-name="[COLOR white][B]JOHN DOE[/B][/COLOR]">  <requires>
    <import addon="xbmc.python" version="2.1.0"/>
    <import addon="script.module.beautifulsoup" version="3.2.1"/>
    <import addon="script.module.simple.downloader" version="0.9.4"/>
    <import addon="script.module.beautifulsoup4"/>
    <import addon="script.module.requests"/>
    <import addon="script.module.httplib2"/>
    <import addon="script.module.youtube.dl" optional="true"/>
    <import addon="plugin.video.youtube"/>
    <import addon="script.module.urlresolver" optional="true"/>
    <import addon="script.module.simplejson"/> 
  </requires>
  <extension point="xbmc.python.pluginsource" library="default.py">
        <provides>video</provides>
  </extension>
  <extension point="xbmc.addon.metadata">
    <summary>SUA CONTRIBUIÇÃO INCENTIVA NOSSO TRABALHO</summary>
    <description lang="en">ACESSO GRATUITO NAS CONDIÇÕES ABAIXO:  
ACESSO INTEGRAL POR DEZ DIAS NO INÍCIO DO PERÍODO
QUE VAI DO DIA 15 DE CADA MÊS ATÉ 15 DO PRÓXIMO, 
PARA CONHECER E DECIDIR SE VALE A PENA CONTRIBUIR.
ACESSO REDUZIDO NO RESTANTE DO PERÍODO,
SOLICITE A ADESÃO DE CONTRIBUINTE NOS CONTATOS:
luminartstudio4@gmail.com  OU  WhatsApp (48) 99194-1409  </description>
    <disclaimer lang="en">O LUMINART STUDIO É APENAS UM INDEXADOR DE LINKS COLETADOS NA WEB E ORGANIZADOS PARA USO RECREATIVO,SEM FINS COMERCIAIS 
NÃO ARMAZENAMOS ARQUIVOS, OU SOMOS RESPONSÁVEIS PELOS LINKS UTILIZADOS.</disclaimer>
	<news>
SITE: https://luminartstudio.blogspot.com/ </news>
    <platform>all</platform>
<assets>
       <icon>icon.png</icon>
       <fanart>fanart.jpg</fanart>
       <screenshot>resources/screenshots/aviso1.jpg</screenshot>
       <screenshot>resources/screenshots/aviso2.jpg</screenshot>
       <screenshot>resources/screenshots/aviso3.jpg</screenshot>
    </assets>
  </extension>
</addon>
